accident_id	accident_time	deaths	injured	county	municipality	settlement	involving_motorvehicle_driver	accident_type	accident_type_detailed	accident_scenario	road_type	road_type_detail	road_width	speed_limit	road_condition	road_surface_condition	weather	lighting	join_distance	x_coord	y_coord				
2101250063335	2025-04-25 08:48:00	0	1	Harju maakond	Tallinn	Kristiine linnaosa	TRUE	Jalakäijaõnnetus	Kokkupõrge jalakäijaga	Ristmikule siseneva sõiduki konflikt paremalt poolt tuleva jalakäijaga.	KOV tee/tänav	Tänav	8	50	Sõidutee on korras	Kuiv	Pilvised olud	Valge aeg	1.162916573	6586860.8	540937.7157				
3100190383629	2019-07-06 23:40:00	0	1	Harju maakond	Tallinn	Kesklinna linnaosa	TRUE	Jalakäijaõnnetus	Kokkupõrge jalakäijaga	Muu liikluskonflikt.	KOV tee/tänav	Tänav	7	30	Sõidutee on korras	Kuiv	Selged olud	Pimeda aeg	2.865741925	6589219	544552				
3100190753960	2019-12-27 21:10:00	0	1	Harju maakond	Tallinn	Kesklinna linnaosa	TRUE	Jalakäijaõnnetus	Kokkupõrge jalakäijaga	Sõiduki konflikt teelõiku paremalt poolt ületava jalakäijaga.	KOV tee/tänav	Tänav	9	50	Sõidutee on korras	Märg	Pilvised olud	Pimeda aeg	3.659860572	6589090	543369				
3100210370174	2021-06-28 14:55:00	0	1	Harju maakond	Tallinn	Lasnamäe linnaosa	TRUE	Kokkupõrge	Kokkupõrge sõidukiga küljelt	Ristmiku peateel otse sõitva sõiduki konflikt vasakult poolt kõrvalteelt tuleva sõidukiga.	KOV tee/tänav	Tänav	6	50	Sõidutee on korras	Kuiv	Selged olud	Valge aeg	3.311527547	6588030	544363				
3100180203208	2018-05-02 10:39:00	0	1	Võru maakond	Võru linn	Võru linn	TRUE	Kokkupõrge	Kokkupõrge sõidukiga küljelt	Ristmiku peateel otse sõitva sõiduki konflikt vasakult poolt kõrvalteelt tuleva sõidukiga.	KOV tee/tänav	Tänav	10	50	Sõidutee on korras	Kuiv	Selged olud	Valge aeg	0.2497262738	6415392.04	677857.39				
2101230133761	2023-09-27 15:03:00	0	2	Pärnu maakond	Pärnu linn	Pärnu linn	TRUE	Kokkupõrge	Kokkupõrge sõidukiga küljelt	Ristmiku peateel otse sõitva sõiduki konflikt vasakult poolt kõrvalteelt tuleva sõidukiga.	KOV tee/tänav	Tänav	8	50	Sõidutee on korras	Kuiv	Pilvised olud	Valge aeg	12.34297577	6471216	529326				
3100210126872	2021-03-11 12:48:00	0	1	Harju maakond	Tallinn	Nõmme linnaosa	TRUE	Kokkupõrge	Kokkupõrge vastutuleva sõidukiga	Konflikt vastassuundadest otse sõitvate sõidukite vahel teelõigul või ristmiku peateel.	KOV tee/tänav	Tänav	9	50	Sõidutee on ebatasane	Lumelörts, soolalumine segu	Pilvised olud	Valge aeg	2.726048704	6582038	541222				
3100200062499	2020-02-04 18:15:00	0	1	Harju maakond	Tallinn	Lasnamäe linnaosa	TRUE	Jalakäijaõnnetus	Kokkupõrge jalakäijaga	Parempööret sooritava ja ristmikult lahkuva sõiduki konflikt jalakäijaga.	KOV tee/tänav	Tänav	15	30	Sõidutee on korras	Kuiv	Selged olud	Pimeda aeg	1.979645038	6589744	547511				
3100210011736	2021-01-06 16:36:00	0	1	Pärnu maakond	Pärnu linn	Pärnu linn	TRUE	Jalakäijaõnnetus	Kokkupõrge jalakäijaga	Vasakpööret sooritava ja ristmikult lahkuva sõiduki konflikt jalakäijaga.	KOV tee/tänav	Tänav	8	50	Sõidutee on korras	Kuiv	Selged olud	Pimeda aeg	1.080960567	6474078.39	529124.6241				
3100180340220	2018-06-29 22:58:00	0	1	Harju maakond	Tallinn	Mustamäe linnaosa	TRUE	Ühesõidukiõnnetus	Sõiduki teelt väljasõit	Sõiduk kaotab teelõigul või ristmikul juhitavuse ning kaldub kavandatud kursist paremale teelt välja või vastassuuna vööndisse.	KOV tee/tänav	Tänav	11	50	Sõidutee on korras	Kuiv	Selged olud	Pimeda aeg	9.031912049	6585053	537387				
2101240145910	2024-08-13 14:05:00	0	1	Harju maakond	Tallinn	Haabersti linnaosa	TRUE	Kokkupõrge	Kokkupõrge sõidukiga küljelt		KOV tee/tänav	Tänav	6		Sõidutee on korras	Kuiv	Selged olud	Valge aeg	0.6316051116	6587964	535142				
3100180004431	2018-01-02 20:10:00	0	2	Harju maakond	Tallinn	Nõmme linnaosa	TRUE	Kokkupõrge	Kokkupõrge sõidukiga küljelt	Ristmiku peateel otse sõitva sõiduki konflikt paremalt poolt kõrvalteelt tuleva sõidukiga.	KOV tee/tänav	Tänav	7	50	Sõidutee on korras	Märg	Pilvised olud	Pimeda aeg	0.5084133607	6582486	539299				
3100220464219	2022-08-07 23:41:00	0	1	Ida-Viru maakond	Narva linn	Narva linn	TRUE	Ühesõidukiõnnetus	Kokkupõrge teevälise takistusega	Sõiduki konflikt alalise objektiga teel (nt. ohutussaar, liiklusmärk vms.).	KOV tee/tänav	Tänav	14	50	Foor ei tööta, ei ole nähtav,Puu (post) teepeenral (eraldusribal),Sõidutee on korras	Kuiv	Pilvised olud	Pimeda aeg	0.06974217758	6590116.7	736567.25				
2101240141171	2024-08-07 12:26:00	0	1	Ida-Viru maakond	Narva linn	Narva linn	TRUE	Jalakäijaõnnetus	Kokkupõrge jalakäijaga	Sõiduki konflikt teelõiku paremalt poolt ületava jalakäijaga.	KOV tee/tänav	Tänav	10	50	Sõidutee on korras	Kuiv	Pilvised olud	Valge aeg	0.3133191084	6588193	737942				
3100220063689	2022-02-04 14:51:00	0	1	Harju maakond	Tallinn	Mustamäe linnaosa	TRUE	Jalakäijaõnnetus	Kokkupõrge jalakäijaga	Sõiduki konflikt teelõiku paremalt poolt ületava jalakäijaga.	KOV tee/tänav	Tänav	4	50	Sõidutee on korras	Lumelörts, soolalumine segu	Lumised olud	Valge aeg	1.069180507	6584520	537913				
3100190647823	2019-11-04 06:55:00	0	1	Ida-Viru maakond	Narva linn	Narva linn	TRUE	Jalakäijaõnnetus	Kokkupõrge jalakäijaga	Sõiduki konflikt teelõigul samas suunas liikuva jalakäijaga.	KOV tee/tänav	Tänav	7	50	Sõidutee on korras	Märg	Vihmasadu	Pimeda aeg	6.799250586	6587605	737622				
3100180230652	2018-05-13 21:14:00	0	1	Harju maakond	Tallinn	Põhja-Tallinna linnaosa	TRUE	Ühesõidukiõnnetus	Sõiduki ümberpaiskumine teel	Sõiduk kaotab teelõigul või ristmikul juhitavuse ning paiskub ümber.	KOV tee/tänav	Tänav	12	50	Sõidutee on korras	Märg	Selged olud	Valge aeg	1.785900913	6590917	539177				
3100190610035	2019-10-16 10:15:00	0	1	Harju maakond	Maardu linn	Maardu linn	TRUE	Jalakäijaõnnetus	Kokkupõrge jalakäijaga	Sõiduki konflikt teelõiku vasakult poolt ületava jalakäijaga.	KOV tee/tänav	Tänav	9	50	Sõidutee on korras	Kuiv	Pilvised olud	Valge aeg	0.1166061554	6594021	557583				
3100220037802	2022-01-20 14:47:00	0	1	Harju maakond	Tallinn	Lasnamäe linnaosa	TRUE	Ühesõidukiõnnetus	Kokkupõrge teevälise takistusega	Sõiduki konflikt alalise objektiga teel (nt. ohutussaar, liiklusmärk vms.).	KOV tee/tänav	Õuealatee	4	20	Sõidutee on korras	Märg	Pilvised olud	Valge aeg	4.609648301	6588620	545005				
3100220565901	2022-09-20 17:09:00	0	1	Ida-Viru maakond	Kohtla-Järve linn	Järve linnaosa	TRUE	Jalakäijaõnnetus	Kokkupõrge jalakäijaga	Sõiduki konflikt teelõiku vasakult poolt ületava jalakäijaga.	KOV tee/tänav	Tänav	8	50		Märg	Pilvised olud	Valge aeg	0.2033246356	6589368.03	686895.31				
2000220001295	2022-12-15 14:48:00	0	1	Harju maakond	Tallinn	Haabersti linnaosa	TRUE	Jalakäijaõnnetus	Kokkupõrge jalakäijaga	Vasakpööret sooritava ja ristmikult lahkuva sõiduki konflikt jalakäijaga.	KOV tee/tänav	Tänav	11	50	Sõidutee on korras	Pori, saaste	Pilvised olud	Pimeda aeg	0.6349583517	6586595	537251				
2101240175386	2024-09-24 08:49:00	0	1	Tartu maakond	Tartu linn	Tartu linn	TRUE	Kokkupõrge	Kokkupõrge sõidukiga küljelt	Muu liikluskonflikt.	KOV tee/tänav	Tänav	8	50	Sõidutee on korras	Kuiv	Pilvised olud	Valge aeg	0.2151631881	6474169	662472				
3100180600379	2018-10-18 13:55:00	0	2	Harju maakond	Tallinn	Kesklinna linnaosa	TRUE	Kokkupõrge	Kokkupõrge sõidukiga küljelt	Ristmiku peateel otse sõitva sõiduki konflikt paremalt poolt kõrvalteelt tuleva sõidukiga.	KOV tee/tänav	Tänav	6	50	Sõidutee on korras	Kuiv	Pilvised olud	Valge aeg	2.139877496	6588566	542201				
3100220688966	2022-11-26 10:05:00	0	2	Harju maakond	Tallinn	Kristiine linnaosa	TRUE	Kokkupõrge	Kokkupõrge vastutuleva sõidukiga	Teelõigul või ristmikul peateelt kõrvalteele vasakpööret sooritava sõiduki konflikt vastassuunast tuleva sõidukiga.	KOV tee/tänav	Tänav	10	50	Sõidutee on korras	Märg	Pilvised olud	Valge aeg	1.344603762	6588000	541069				
2101240187504	2024-10-13 19:16:00	0	1	Harju maakond	Tallinn	Mustamäe linnaosa	TRUE	Kokkupõrge	Kokkupõrge ees seisva sõidukiga	Sõiduki konflikt teel või tee serval peatunud (pargitud) sõidukiga.	KOV tee/tänav	Tänav	11	30	Sõidutee on korras	Kuiv	Pilvised olud	Pimeda aeg	0.4226020684	6585902	539152				
2610252003026	2025-12-23 01:04:00	0	1	Võru maakond	Võru linn	Võru linn	TRUE	Ühesõidukiõnnetus	Kokkupõrge teevälise takistusega	Sõiduk kaotab teelõigul või ristmikul juhitavuse ning kaldub kavandatud kursist paremale teelt välja või vastassuuna vööndisse.	KOV tee/tänav	Tänav	12	30	Sõidutee on korras	Kuiv	Selged olud	Pimeda aeg	0.000150172316	6415744.405	677824.0898				
3100220523653	2022-08-31 03:40:00	0	1	Saare maakond	Saaremaa vald	Kuressaare linn	TRUE	Ühesõidukiõnnetus	Kokkupõrge teevälise takistusega	Sõiduk kaotab teelõigul või ristmikul juhitavuse ning kaldub kavandatud kursist paremale teelt välja või vastassuuna vööndisse.	Riigitee	Tugimaantee	9	90	Sõidutee on korras	Kuiv		Pimeda aeg	0.6143304123	6456972.14	412180.44				
3100180600285	2018-10-18 08:45:00	0	1	Harju maakond	Tallinn	Kristiine linnaosa	TRUE	Jalakäijaõnnetus	Kokkupõrge jalakäijaga	Vasakpööret sooritava ja ristmikult lahkuva sõiduki konflikt jalakäijaga.	KOV tee/tänav	Tänav	15	50	Sõidutee on korras	Kuiv	Selged olud	Valge aeg	0.3850610059	6587931	540891				
3100190732932	2019-12-18 16:20:00	0	1	Harju maakond	Tallinn	Mustamäe linnaosa	TRUE	Jalakäijaõnnetus	Kokkupõrge jalakäijaga	Ristmikule siseneva sõiduki konflikt vasakult poolt tuleva jalakäijaga.	KOV tee/tänav	Tänav	3	50	Sõidutee on ebatasane	Märg	Pilvised olud	Pimeda aeg	3.068668006	6584548	538184				
2101240205415	2024-11-13 13:38:00	0	1	Harju maakond	Tallinn	Lasnamäe linnaosa	TRUE	Kokkupõrge	Kokkupõrge sõidukiga küljelt	Ristmiku peateel otse sõitva sõiduki konflikt vasakult poolt kõrvalteelt tuleva sõidukiga.	KOV tee/tänav	Tänav	7	30	Sõidutee on korras	Kuiv	Pilvised olud	Valge aeg	0.2093190253	6587064	545354				
2101240035532	2024-03-06 09:48:00	0	1	Harju maakond	Tallinn	Lasnamäe linnaosa	TRUE	Jalakäijaõnnetus	Kokkupõrge jalakäijaga	Muu konflikt sõiduki ja jalakäija vahel (nt. kui sõiduk sõidab jalakäijatele määratud alal).	KOV tee/tänav	Tänav	20	50	Sõidutee on korras	Kuiv	Selged olud	Valge aeg	0.06144894897	6588056	544970				
3100200363473	2020-06-30 17:15:00	0	1	Tartu maakond	Tartu linn	Tartu linn	TRUE	Jalakäijaõnnetus	Kokkupõrge jalakäijaga	Sõiduki konflikt teelõiku paremalt poolt ületava jalakäijaga.	KOV tee/tänav	Tänav	3	50	Sõidutee on korras	Kuiv	Selged olud	Valge aeg	9.218500628	6474041	656636				
3100210446759	2021-07-24 15:51:00	0	2	Harju maakond	Tallinn	Lasnamäe linnaosa	TRUE	Ühesõidukiõnnetus	Sõiduki ümberpaiskumine teel	Sõiduk kaotab teelõigul või ristmikul juhitavuse ning paiskub ümber.	KOV tee/tänav	Tänav	13	50	Sõidutee on korras	Kuiv	Selged olud	Valge aeg	14.11801729	6590812	547268				
3100200682076	2020-11-25 08:11:00	0	1	Harju maakond	Tallinn	Kristiine linnaosa	TRUE	Jalakäijaõnnetus	Kokkupõrge jalakäijaga	Otse sõitva ja ristmikult lahkuva sõiduki konflikt vasakult poolt tuleva jalakäijaga.	KOV tee/tänav	Tänav	6	50	Sõidutee on korras	Märg	Pilvised olud	Valge aeg	0.7123650315	6587441	540631				
2302180004700	2018-05-23 17:21:00	0	1	Harju maakond	Tallinn	Lasnamäe linnaosa	TRUE	Jalakäijaõnnetus	Kokkupõrge jalakäijaga	Muu konflikt sõiduki ja jalakäija vahel (nt. kui sõiduk sõidab jalakäijatele määratud alal).	KOV tee/tänav	Tänav	7	50	Sõidutee on korras	Kuiv	Selged olud	Valge aeg	7.677478162	6588213	547541				
2101240151976	2024-08-21 16:26:00	0	1	Harju maakond	Tallinn	Nõmme linnaosa	TRUE	Kokkupõrge	Kokkupõrge sõidukiga küljelt		KOV tee/tänav	Tänav	9	50	Sõidutee on korras	Kuiv	Selged olud	Valge aeg	0.1866856281	6583401	538634				
2101230168494	2023-11-22 08:10:00	0	1	Lääne-Viru maakond	Rakvere linn	Rakvere linn	TRUE	Jalakäijaõnnetus	Kokkupõrge jalakäijaga	Sõiduki konflikt teelõiku paremalt poolt ületava jalakäijaga.	KOV tee/tänav	Tänav	7	50	Sõidutee on libe	Lumelörts, soolalumine segu	Pilvised olud	Valge aeg	0.9664309155	6582241	634336				
2101250158364	2025-09-06 19:14:00	0	1	Harju maakond	Tallinn	Nõmme linnaosa	TRUE	Kokkupõrge	Kokkupõrge sõidukiga küljelt	Ristmiku peateel otse sõitva sõiduki konflikt paremalt poolt kõrvalteelt tuleva sõidukiga.	KOV tee/tänav	Tänav	9	30	Sõidutee on korras	Kuiv	Selged olud	Pimeda aeg	1.139858957	6583370.954	539244.7831				
3100220195149	2022-04-14 13:45:00	0	1	Harju maakond	Tallinn	Kesklinna linnaosa	TRUE	Jalakäijaõnnetus	Kokkupõrge jalakäijaga	Tagurdava sõiduki konflikt jalakäijaga.	KOV tee/tänav	Tänav	6	50	Sõidutee on korras	Märg	Vihmasadu	Valge aeg	2.102553868	6588143	543047				
3100180346205	2018-07-02 18:07:00	0	1	Harju maakond	Keila linn	Keila linn	TRUE	Ühesõidukiõnnetus	Sõiduki ümberpaiskumine teel	Muu liikluskonflikt.	KOV tee/tänav	Tänav	8	20	Sõidutee on korras	Märg	Pilvised olud	Valge aeg	3.85453037	6573769	523122				
2101250096480	2025-06-14 11:26:00	0	1	Tartu maakond	Tartu linn	Tartu linn	TRUE	Kokkupõrge	Kokkupõrge sõidukiga küljelt	Ristmiku peateel otse sõitva sõiduki konflikt vasakult poolt kõrvalteelt tuleva sõidukiga.	KOV tee/tänav	Tänav	6	50	Sõidutee on korras	Kuiv	Selged olud	Valge aeg	0.8399414583	6473959.5	661149.5896				
3100180274372	2018-06-02 02:05:00	0	1	Tartu maakond	Tartu linn	Tartu linn	TRUE	Ühesõidukiõnnetus	Kokkupõrge teevälise takistusega	Sõiduk sõidab T-kujulisel või ringristmikul otse.	KOV tee/tänav	Tänav	7	50	Sõidutee on korras	Kuiv	Selged olud	Pimeda aeg	0.2703407593	6473081	658290				
2101250126219	2025-07-25 00:13:00	0	1	Harju maakond	Tallinn	Kesklinna linnaosa	TRUE	Kokkupõrge	Sõidukite külgkokkupõrge	Konflikt samas suunas otse sõitvate sõidukite vahel teelõigul või ristmiku peateel.	KOV tee/tänav	Tänav	11	50	Sõidutee on korras	Kuiv	Selged olud	Pimeda aeg	0.0003686953836	6589382.614	542901.3018				
2101230055390	2023-06-14 12:41:00	0	1	Harju maakond	Tallinn	Kesklinna linnaosa	TRUE	Kokkupõrge	Kokkupõrge ees liikuva sõidukiga		KOV tee/tänav	Tänav	9	50	Sõidutee on korras	Kuiv	Selged olud	Valge aeg	0.8958711291	6588000	541722				
2300190004423	2019-05-22 17:20:00	0	1	Harju maakond	Tallinn	Mustamäe linnaosa	TRUE	Jalakäijaõnnetus	Kokkupõrge jalakäijaga	Sõiduki konflikt teelõiku paremalt poolt ületava jalakäijaga.	KOV tee/tänav	Tänav	7	50	Sõidutee on korras	Kuiv	Pilvised olud	Valge aeg	2.102632016	6585020	538094				
3100190052704	2019-01-30 13:54:00	0	1	Harju maakond	Tallinn	Mustamäe linnaosa	TRUE	Jalakäijaõnnetus	Kokkupõrge jalakäijaga	Sõiduki konflikt teelõiku vasakult poolt ületava jalakäijaga.	KOV tee/tänav	Tänav	18	50	Sõidutee on korras	Lumelörts, soolalumine segu	Pilvised olud	Valge aeg	0.9707620569	6585887	538940				
3100180493048	2018-08-31 11:35:00	0	6	Harju maakond	Tallinn	Nõmme linnaosa	TRUE	Kokkupõrge	Kokkupõrge sõidukiga küljelt	Möödasõitu sooritav sõiduk kaotab juhitavuse ja paiskub teelt välja.	KOV tee/tänav	Tänav	8	50	Sõidutee on korras	Kuiv	Pilvised olud	Valge aeg	2.186100321	6583502	541738				
3100220316711	2022-06-09 09:41:00	0	1	Harju maakond	Tallinn	Kesklinna linnaosa	TRUE	Ühesõidukiõnnetus	Kokkupõrge teevälise takistusega	Sõiduki konflikt alalise objektiga teel (nt. ohutussaar, liiklusmärk vms.).	KOV tee/tänav	Tänav	11	50	Sõidutee on korras	Kuiv	Selged olud	Valge aeg	2.444308009	6585283	541610				
2300190000783	2019-01-24 01:52:00	0	2	Harju maakond	Tallinn	Kesklinna linnaosa	TRUE	Kokkupõrge	Kokkupõrge sõidukiga küljelt	Ristmiku peateel otse sõitva sõiduki konflikt paremalt poolt kõrvalteelt tuleva sõidukiga.	KOV tee/tänav	Tänav	7	50	Sõidutee on korras	Pori, saaste	Lumised olud	Pimeda aeg	0.4347540113	6588427	541848				
3100190050246	2019-01-28 19:20:00	0	1	Harju maakond	Tallinn	Lasnamäe linnaosa	TRUE	Jalakäijaõnnetus	Kokkupõrge jalakäijaga	Sõiduki konflikt teelõiku paremalt poolt ületava jalakäijaga.	KOV tee/tänav	Tänav	13	50	Sõidutee on libe	Lumelörts, soolalumine segu	Lumised olud	Pimeda aeg	6.379695762	6588625	548547				